question,option_a,option_b,option_c,option_d,correct_answer,explanation,remark
अभिवृद्धि का संबंध बालक के व्यक्तित्व के किस पहलू से है ?,मानसिक,शारीरिक,चारित्रिक,भावात्मक,B,"सही उत्तर (B) है क्योंकि अभिवृद्धि (Growth) मुख्यतः शरीर के आकार, ऊँचाई, वजन और अंगों में होने वाला मापनीय/परिमाणात्मक परिवर्तन है। CG TET में वृद्धि को विकास का केवल शारीरिक पक्ष माना जाता है। (A) गलत है क्योंकि मानसिक परिवर्तन बुद्धि, चिंतन व स्मृति से जुड़े विकास के आयाम हैं, मात्र वृद्धि नहीं। (C) चारित्रिक परिवर्तन मूल्य व आचरण से संबंधित गुणात्मक विकास है। (D) भावात्मक पक्ष संवेगों के नियंत्रण से जुड़ा विकास है, ऊँचाई-वजन जैसी मापनीय वृद्धि नहीं।",Previous Year - CG TET 2017 Paper 1
जब एक पीपल का पौधा बढ़कर वृक्ष बनता है तब वह अधिक बड़ा पीपल बन जाता है। यह मत प्रदर्शित करता है विकास की __________ को।,विच्छिन्नता,निरंतरता,विच्छिन्नता तथा निरंतरता दोनों,"कभी विच्छिन्नता, कभी निरंतरता",B,"सही उत्तर (B) है क्योंकि पौधा धीरे-धीरे, बिना जाति बदले, बड़े वृक्ष के रूप में परिवर्तित होता है—यह विकास की निरंतरता (Continuity) दर्शाता है: परिवर्तन क्रमिक व अविरल हैं। CG TET में ऐसे उदाहरण से यह दिखाया जाता है कि विकास अचानक नहीं, सतत होता है। (A) विच्छिन्नता का अर्थ चरणबद्ध/गुणात्मक छलाँग है, जैसे अंडा से पंछी; यहाँ जाति वही रहती है। (C) दोनों एक साथ इस उदाहरण का मुख्य संदेश नहीं हैं। (D) अनियमित परिवर्तन का संकेत देता है, जबकि दी गई स्थिति क्रमबद्ध वृद्धि है।",Previous Year - CG TET 2017 Paper 1
किशोरावस्था की विशेषताओं को सर्वोत्तम रूप से व्यक्त करने वाला एक शब्द है :,विकास,परिवर्तन,समायोजन,अस्थिरता,B,"सही उत्तर (B) है क्योंकि किशोरावस्था तीव्र शारीरिक, मानसिक, सामाजिक व संवेगात्मक परिवर्तनों का काल है; CG TET भाषा में ‘परिवर्तन’ इसे सबसे व्यापक रूप से समेटता है। (A) विकास जीवन की सभी अवस्थाओं में होता है, केवल किशोरावस्था का विशिष्ट चिह्न नहीं। (C) समायोजन आवश्यक है, पर यह विशेषता का सार नहीं, बल्कि परिवर्तन का परिणाम/आवश्यकता है। (D) अस्थिरता कुछ किशोरों में दिखती है, पर आधुनिक दृष्टि से यह सभी किशोरों का अनिवार्य लक्षण नहीं माना जाता।",Previous Year - CG TET 2017 Paper 1
निम्नलिखित में से कौन सा बाल्यावस्था की प्रमुख विशेषता नहीं है ?,शारीरिक व मानसिक स्थिरता,वास्तविक जगत से संबंध,दूसरों पर निर्भरता,रचनात्मक कार्यों में आनंद,C,"सही उत्तर (C) है क्योंकि दूसरों पर पूर्ण निर्भरता शैशवावस्था की विशेषता है, बाल्यावस्था की नहीं। बाल्यावस्था में बच्चा अपेक्षाकृत आत्मनिर्भर, खेलप्रिय व वास्तविक जगत से जुड़ा होता है। (A) सही विशेषता है—इस काल में वृद्धि की गति शैशवावस्था से धीमी व अपेक्षाकृत स्थिर होती है। (B) सही है क्योंकि बच्चा घर-विद्यालय की वास्तविक परिस्थितियों से जुड़ता है। (D) सही है क्योंकि खेल, चित्र व रचनात्मक कार्य बाल्यावस्था के केंद्र हैं। अतः ‘निर्भरता’ इस अवस्था का प्रमुख लक्षण नहीं है।",Previous Year - CG TET 2017 Paper 1
क्रियात्मक विकास का मस्तकाधोमुखी नियम विकास को बताता है।,पैर के अंगूठे से मस्तक तक,मस्तक से पैर के अंगूठे तक,मेरुदंड से हथेली की अंगुलियों तक,हथेली की अंगुलियों से मेरुदंड तक,B,"सही उत्तर (B) है क्योंकि मस्तकाधोमुखी (Cephalocaudal) नियम कहता है कि शारीरिक/क्रियात्मक नियंत्रण सिर से शुरू होकर धड़ होते हुए पैरों की ओर बढ़ता है। शिशु पहले गर्दन, फिर बैठना, फिर खड़ा होना/चलना सीखता है। (A) उल्टी दिशा है, यह नियम नहीं है। (C) यह निकट-दूर (Proximodistal) नियम है—केंद्र (मेरुदंड) से हाथ-अंगुलियों की ओर। (D) proximodistal की उल्टी दिशा है। CG TET में दोनों नियमों को विकल्पों में मिलाकर भ्रम पैदा किया जाता है, दिशा याद रखना आवश्यक है।",Previous Year - CG TET 2017 Paper 1
तीन माह की अवस्था के प्रारम्भिक संवेग हैं।,"प्रसन्नता, उदासी, घृणा","प्रसन्नता, उदासी, परानुभूति","प्रसन्नता, घृणा, ईर्ष्या","उदासी, घृणा, गर्व",A,"सही उत्तर (A) है क्योंकि जन्म के आसपास/प्रारंभिक महीनों में प्राथमिक संवेग—प्रसन्नता, उदासी (दुःख) और घृणा—स्पष्ट होने लगते हैं। CG TET संवेगात्मक विकास में प्राथमिक बनाम जटिल संवेग पूछता है। (B) परानुभूति (सहानुभूति) सामाजिक-संज्ञानात्मक परिपक्वता बाद में आती है। (C) ईर्ष्या तुलना व स्वत्व बोध से जुड़ा जटिल संवेग है, तीन माह में नहीं। (D) गर्व आत्म-चेतना व सामाजिक मूल्यांकन पर निर्भर करता है, जो शैशवावस्था के अंत/बाल्यावस्था में आता है।",Previous Year - CG TET 2017 Paper 1
निम्नलिखित में से किस अवस्था में शब्दों को दोहराने की प्रवृत्ति विशेष रूप से पाई जाती है ?,शैशवावस्था,बाल्यावस्था,किशोरावस्था,प्रौढ़ावस्था,A,"सही उत्तर (A) है क्योंकि शैशवावस्था भाषा-अधिगम का आरंभ है—बड़बड़ाहट व प्रतिध्वनि (Echolalia) में शिशु सुने शब्दों/ध्वनियों को दोहराता है। यह मानसिक-भाषायी विकास का सामान्य चरण है। (B) बाल्यावस्था में वाक्य, शब्द-भंडार व अर्थ ग्रहण प्रधान होते हैं, मात्र दोहराना नहीं। (C) किशोरावस्था में अमूर्त भाषा व आत्म-अभिव्यक्ति होती है। (D) प्रौढ़ावस्था में भाषा पहले से अर्जित रहती है; दोहराने की विशिष्ट प्रवृत्ति नहीं मानी जाती।",Previous Year - CG TET 2017 Paper 1
"यह धारणा कि, किशोर तूफान व तनाव की अवधि का अनुभव करते हैं, है:",सभी किशोरों के लिए सत्य,कुछ किशोरों के लिए सत्य,"असत्य, अधिकांश शोध के अनुसार","असत्य, क्योंकि अधिकांश किशोर अप्रासंगिक संवेग थोड़ी मात्रा में प्रदर्शित करते हैं।",B,"सही उत्तर (B) है। स्टैनली हॉल ने किशोरावस्था को ‘तूफान और तनाव’ कहा, पर CG TET की आधुनिक दृष्टि यह है कि यह सभी पर समान रूप से लागू नहीं होता—कुछ किशोर तीव्र संघर्ष अनुभव करते हैं, बहुत से अपेक्षाकृत सहज रहते हैं। (A) अतिसामान्यीकरण है, शोध इसका समर्थन नहीं करता। (C) पूरी तरह असत्य कहना गलत है, क्योंकि कुछ किशोरों में यह अनुभव वास्तविक है। (D) संवेगों को ‘अप्रासंगिक’ कहना त्रुटिपूर्ण है; किशोर संवेग प्रासंगिक होते हैं, केवल तीव्रता भिन्न होती है।",Previous Year - CG TET 2017 Paper 1
विकास के निम्नलिखित सिद्धांतों में से कौन सा सिद्धांत गलत है?,विकास में व्यक्तिगत विभिन्नता होती है।,विकास संयोग का परिणाम होता है।,यह एक सतत प्रक्रिया है।,यह अनुमानित है।,B,"सही उत्तर (B) है क्योंकि विकास संयोग/अकस्मात घटना नहीं, बल्कि परिपक्वता व अनुभव से निर्देशित क्रमबद्ध प्रक्रिया है। अतः ‘संयोग का परिणाम’ गलत सिद्धांत है। (A) सही सिद्धांत है—हर बच्चे की गति व स्वरूप भिन्न होता है। (C) सही है—विकास जन्म से मृत्यु तक निरंतर चलता है। (D) सही है—विकास की दिशा व क्रम (सिर से पैर, सामान्य से विशिष्ट) अनुमानित/पूर्वानुमेय होते हैं, यद्यपि गति में अंतर रहता है।",Previous Year - CG TET 2022 Paper 1
निम्नलिखित में से कौन एक बच्चे के सामाजिक विकास को प्रभावित करने वाला व्यक्तिगत कारक नहीं है?,साथी समूह,स्वास्थ्य,संवेग,बुद्धि,A,"सही उत्तर (A) है क्योंकि साथी समूह बाहरी सामाजिक-पर्यावरणीय कारक है, बच्चे का व्यक्तिगत (आंतरिक) कारक नहीं। स्वास्थ्य, संवेग और बुद्धि बच्चे के अपने गुण हैं जो सामाजिक व्यवहार को प्रभावित करते हैं। (B) स्वास्थ्य व्यक्तिगत कारक है—बीमार बच्चा खेल-साथियों से पीछे रह सकता है। (C) संवेग व्यक्तिगत हैं—अति क्रोध/भय सामाजिक समायोजन घटाते हैं। (D) बुद्धि व्यक्तिगत संज्ञानात्मक कारक है जो संप्रेषण व सहयोग को प्रभावित करती है।",Previous Year - CG TET 2022 Paper 1
"यह कहा जाता है कि, “विकास एक कभी न समाप्त होने वाली प्रक्रिया है”, इसे निम्नलिखित में से किसके द्वारा परिभाषित किया जाता है?",अंतःक्रिया का सिद्धांत,निरंतरता का सिद्धांत,अंतर्संबंध का सिद्धांत,एकीकरण का सिद्धांत,B,"सही उत्तर (B) है क्योंकि निरंतरता का सिद्धांत कहता है कि विकास रुकता नहीं—गर्भावस्था से लेकर वृद्धावस्था तक परिवर्तन चलते रहते हैं, गति कभी तीव्र कभी मंद हो सकती है। (A) अंतःक्रिया वंशानुक्रम-वातावरण की परस्पर क्रिया बताता है, ‘कभी न समाप्त’ नहीं। (C) अंतर्संबंध शारीरिक-मानसिक-सामाजिक आयामों के जुड़ाव को कहता है। (D) एकीकरण अंगों/क्षमताओं के समन्वय को दर्शाता है। CG TET में चारों सिद्धांत अलग-अलग पूछे जाते हैं, परिभाषा मिलाएँ नहीं।",Previous Year - CG TET 2022 Paper 1
विकास का अर्थ है,परिवर्तनों की प्रगतिशील श्रृंखला।,अभिप्रेरणा के परिणामस्वरूप परिवर्तनों की प्रगतिशील श्रृंखला।,अभिप्रेरणा और अनुभव के परिणामस्वरूप परिवर्तनों की प्रगतिशील श्रृंखला।,परिपक्वता और अनुभव के परिणामस्वरूप परिवर्तनों की श्रृंखला।,D,"सही उत्तर (D) है। हरलॉक के अनुसार विकास परिपक्वता (आंतरिक जैविक तैयारी) और अनुभव (सीखना/वातावरण) के फलस्वरूप होने वाले क्रमबद्ध परिवर्तन हैं। CG TET इसी परिभाषा को मानक मानता है। (A) अधूरा है—कोई भी परिवर्तन विकास नहीं कहलाता, प्रगति व अनुकूलन वाले परिवर्तन ही विकास हैं और कारण भी बताना आवश्यक है। (B) व (C) ‘अभिप्रेरणा’ जोड़कर भ्रम पैदा करते हैं; अभिप्रेरणा अधिगम का कारक हो सकती है, विकास की मूल परिभाषा में परिपक्वता+अनुभव हैं, प्रेरणा नहीं।",Previous Year - CG TET 2022 Paper 1
निम्नलिखित में से कौनसा बौद्धिक विकास का तत्व नहीं है?,सृजनात्मकता,चिंतन,सहनशीलता,कल्पनाशीलता,C,"सही उत्तर (C) है क्योंकि सहनशीलता मुख्यतः व्यक्तित्व/संवेगात्मक-सामाजिक गुण है, बौद्धिक विकास का मूल तत्व नहीं। बौद्धिक (मानसिक) विकास में चिंतन, कल्पना, सृजन, स्मृति, तर्क व समस्या-समाधान आते हैं। (A) सृजनात्मकता नई कल्पनाओं को रूप देने की मानसिक क्षमता है। (B) चिंतन बुद्धि का केंद्र है। (D) कल्पनाशीलता मानसिक प्रतिमाएँ बनाने की क्षमता है। अतः परीक्षा में आयामों को मिलाएँ नहीं—सहनशीलता संवेग/चरित्र पक्ष है।",Previous Year - CG TET 2022 Paper 1
"2-8 वर्ष की आयु के बच्चों के लिए, विकास के पैटर्न में मोटर, सामाजिक, भावनात्मक, संवेगात्मक के साथ शामिल हैं",अनुकूलन क्षमता या कौशल,संप्रेषण क्षमता या कौशल,भाषायी क्षमता या कौशल,लेखन क्षमता या कौशल,C,"सही उत्तर (C) है क्योंकि पूर्व व प्रारंभिक बाल्यावस्था (लगभग 2-8 वर्ष) में क्रियात्मक, सामाजिक, संवेगात्मक विकास के साथ भाषा का विस्फोट होता है—शब्द-भंडार, वाक्य व अर्थ ग्रहण तेजी से बढ़ते हैं। (A) अनुकूलन सामान्य जीवन-कौशल है, इस आयु-पैटर्न का विशिष्ट आयाम नहीं। (B) संप्रेषण भाषा का भाग हो सकता है, पर प्रश्न में मानक आयाम ‘भाषायी क्षमता’ है। (D) लेखन औपचारिक विद्यालयी कौशल है, सभी 2-8 वर्ष के बच्चों के स्वाभाविक विकास-पैटर्न का अनिवार्य अंग नहीं।",Previous Year - CG TET 2022 Paper 1
"बच्चा भौतिक और सामाजिक वास्तविकता की अवधारणाओं का निर्माण करना प्रारम्भ कर देता है, यह विशेषता है",शारीरिक विकास,बौद्धिक विकास,संवेगात्मक विकास,सामाजिक विकास,B,"सही उत्तर (B) है क्योंकि अवधारणा-निर्माण, वस्तु-स्थायित्व, वर्गीकरण व वास्तविकता का मानसिक चित्र बौद्धिक/संज्ञानात्मक विकास है। बच्चा दुनिया को ‘समझकर’ अर्थ देता है। (A) शारीरिक विकास ऊँचाई, मांसपेशी व इंद्रिय-नियंत्रण है, अवधारणा नहीं। (C) संवेगात्मक विकास भावों की अभिव्यक्ति व नियंत्रण है। (D) सामाजिक विकास दूसरों के साथ संबंध/भूमिकाएँ हैं; यद्यपि सामाजिक वास्तविकता का अनुभव सामाजिक परिवेश से आता है, ‘अवधारणा का निर्माण’ मानसिक प्रक्रिया है, इसलिए बौद्धिक आयाम सही है।",Previous Year - CG TET 2022 Paper 1
विकास की किस अवधि को ‘अत्यधिक दबाव और तनाव’ का काल कहा जाता है?,किशोरावस्था,बाल्यावस्था,वयस्कावस्था,शैशवावस्था,A,"सही उत्तर (A) है। स्टैनली हॉल के अनुसार किशोरावस्था Storm and Stress का काल है—शरीर में तीव्र परिवर्तन, पहचान की खोज, साथी प्रभाव व संवेगात्मक उतार-चढ़ाव दबाव उत्पन्न करते हैं। CG TET में यही मानक उत्तर है। (B) बाल्यावस्था अपेक्षाकृत स्थिर, खेल व विद्यालय-समायोजन का काल है। (C) वयस्कावस्था में उत्तरदायित्व होते हैं, पर ‘तूफान-तनाव’ पद किशोरावस्था के लिए प्रयुक्त होता है। (D) शैशवावस्था निर्भरता व तीव्र वृद्धि का काल है, पहचान-संकट का नहीं।",Previous Year - CG TET 2022 Paper 1
वृद्धि (Growth) और विकास (Development) में मुख्य अंतर है कि,वृद्धि और विकास दोनों केवल गुणात्मक प्रक्रियाएँ हैं,वृद्धि परिमाणात्मक होती है जबकि विकास परिमाणात्मक एवं गुणात्मक दोनों होता है,वृद्धि जीवनभर चलती है जबकि विकास परिपक्वता पर रुक जाता है,वृद्धि गुणात्मक होती है जबकि विकास केवल परिमाणात्मक होता है,B,"सही विकल्प यह है कि वृद्धि मापनीय है (ऊँचाई, वजन, आकार) अतः परिमाणात्मक; विकास संरचना, कार्य व व्यवहार में गुणात्मक सुधार भी लाता है। CG TET में यही मूल भेद बार-बार आता है। ‘वृद्धि गुणात्मक’ कहना उल्टा है। दोनों को केवल गुणात्मक मानना वृद्धि के मापनीय पक्ष को नकारता है। अंतिम विकल्प दिशा उलटी बताता है—वास्तव में वृद्धि प्रायः परिपक्वता के बाद रुकती/बहुत मंद होती है, विकास जीवनभर चलता रहता है।",Expected - CG TET | CDP - बाल विकास की अवस्थाएँ - वृद्धि बनाम विकास
निम्नलिखित में से कौन-सा कथन वृद्धि के संबंध में सही है?,यह एक निश्चित आयु तक चलने वाली शारीरिक प्रक्रिया है,यह सामाजिक मूल्यों के अर्जन का दूसरा नाम है,यह केवल मानसिक परिवर्तनों को दर्शाती है,यह जन्म से मृत्यु तक समान गति से चलती रहती है,A,"सही कथन: वृद्धि मुख्यतः शारीरिक है और सामान्यतः परिपक्वता के आसपास इसकी तीव्रता घट कर लगभग रुक जाती है। यह जन्म-मृत्यु तक समान गति से नहीं चलती—शैशवावस्था व किशोरावस्था में तीव्र, बाल्यावस्था में अपेक्षाकृत मंद। मानसिक परिवर्तन विकास के मानसिक आयाम हैं, वृद्धि नहीं। सामाजिक मूल्यों का अर्जन सामाजिक विकास है। शिक्षक को मापनीय शरीर-परिवर्तन और व्यापक व्यक्तित्व-परिवर्तन अलग रखना चाहिए।",Expected - CG TET | CDP - बाल विकास की अवस्थाएँ - वृद्धि की प्रकृति
“विकास जीवनभर चलने वाली प्रक्रिया है” — इस कथन से तात्पर्य है कि,विकास केवल विद्यालयी वर्षों तक सीमित होता है,मनुष्य की ऊँचाई मृत्यु तक बढ़ती रहती है,केवल किशोरावस्था के बाद ही विकास आरंभ होता है,"शारीरिक वृद्धि रुकने के बाद भी व्यवहार, अनुभव और समायोजन में परिवर्तन होते रहते हैं",D,"CG TET में निरंतरता का अर्थ है: वृद्धि सीमित हो सकती है, पर विकास (सीखना, संवेग, सामाजिक भूमिका, बुद्धि का उपयोग) जीवनभर चलता है। ऊँचाई मृत्यु तक नहीं बढ़ती। विकास गर्भावस्था/जन्म से शुरू होता है, किशोरावस्था से नहीं। इसे केवल स्कूल वर्षों तक सीमित करना सिद्धांतों के विरुद्ध है। गलत विकल्प वृद्धि को विकास मान बैठते हैं।",Expected - CG TET | CDP - बाल विकास की अवस्थाएँ - निरंतरता
निकट-दूर का नियम (Proximodistal) शारीरिक विकास की किस दिशा को बताता है?,पैरों से सिर की ओर,विशिष्ट क्रिया से सामान्य क्रिया की ओर,सिर से पैरों की ओर,शरीर के केंद्र से परिधि की ओर,D,"Proximodistal का अर्थ है विकास धड़/मेरुदंड (केंद्र) से हाथ, फिर अंगुलियों (परिधि) की ओर। शिशु पहले बाँह हिलाता है, बाद में उंगली से वस्तु पकड़ता है। सिर-से-पैर मस्तकाधोमुखी नियम है। पैर-से-सिर उल्टी दिशा है। विकास सामान्य (पूरी बाँह) से विशिष्ट (अंगूठा-तर्जनी) की ओर जाता है, उल्टा नहीं। दोनों नियम क्रियात्मक अवस्थाओं के प्रश्न में साथ आते हैं।",Expected - CG TET | CDP - बाल विकास की अवस्थाएँ - निकट-दूर नियम
विकास सामान्य से विशिष्ट की ओर बढ़ता है। इसका उपयुक्त उदाहरण है,"किशोर पहले अमूर्त चिंतन करता है, बाद में इंद्रिय अनुभव करता है","बच्चा पहले लिखना सीखता है, बाद में चित्र बनाना","शिशु पहले पूरे हाथ से वस्तु पकड़ता है, बाद में अंगूठे और तर्जनी से","शिशु पहले चलता है, बाद में सिर उठाता है",C,"सामान्य-से-विशिष्ट सिद्धांत: आरंभ में पूरी देह/पूरा हाथ चलता है, बाद में सूक्ष्म नियंत्रण आता है—पिंसर ग्रिप इसका मानक उदाहरण है। पहले चलना बाद में सिर उठाना मस्तकाधोमुखी के विरुद्ध है। अमूर्त चिंतन बाद की अवस्था है, पहले संवेदी अनुभव आता है। लिखना चित्र से अधिक विशिष्ट/बाद का कौशल है, इसलिए क्रम उल्टा है।",Expected - CG TET | CDP - बाल विकास की अवस्थाएँ - सामान्य से विशिष्ट
"मानव विकास की वह अवस्था जो गर्भाधान से जन्म तक चलती है, कहलाती है",नवजात अवस्था,पूर्व बाल्यावस्था,जन्मपूर्व अवस्था,शैशवावस्था,C,"जन्मपूर्व (Prenatal) अवस्था गर्भाधान से जन्म तक है—इसमें germinal, embryonic व fetal चरण आते हैं। नवजात (neonatal) जन्म के बाद प्रथम ~4 सप्ताह है। शैशवावस्था सामान्यतः जन्म से 2 वर्ष। पूर्व बाल्यावस्था लगभग 2-6 वर्ष। CG TET इकाई-1 में ये चरण क्रम से याद रखना अनिवार्य है।",Expected - CG TET | CDP - बाल विकास की अवस्थाएँ - जन्मपूर्व अवस्था
शैशवावस्था की सामान्य आयु सीमा मानी जाती है,6 वर्ष से 12 वर्ष तक,12 वर्ष से 18 वर्ष तक,2 वर्ष से 6 वर्ष तक,जन्म से 2 वर्ष तक,D,"भारतीय TET पाठ्यक्रम में शैशवावस्था प्रायः 0-2 वर्ष है—पूर्ण निर्भरता, तीव्र शारीरिक-मानसिक वृद्धि, इंद्रिय-क्रियात्मक सीखना। 2-6 पूर्व बाल्यावस्था, 6-12 उत्तर बाल्यावस्था, 12-18 किशोरावस्था है। आयु-सीमा vertaकर विकल्प बनते हैं; परिभाषा के साथ उदाहरण जोड़कर याद करें।",Expected - CG TET | CDP - बाल विकास की अवस्थाएँ - शैशवावस्था
पूर्व बाल्यावस्था (Early childhood) की प्रमुख आयु सीमा है,2 से 6 वर्ष,13 से 19 वर्ष,6 से 12 वर्ष,जन्म से 1 वर्ष,A,"पूर्व बाल्यावस्था खिलौना/प्रश्नकाल है—भाषा, कल्पना, समांतर खेल, आत्मकेन्द्रित सोच का आरंभिक रूप। जन्म-1 वर्ष शैशवावस्था का भाग। 6-12 उत्तर बाल्यावस्था (गैंग एज)। 13-19 किशोरावस्था। शिक्षक को प्राथमिक कक्षाएँ मुख्यतः उत्तर बाल्यावस्था व पूर्व बाल्यावस्था के अंत से जोड़कर देखना चाहिए।",Expected - CG TET | CDP - बाल विकास की अवस्थाएँ - पूर्व बाल्यावस्था
उत्तर बाल्यावस्था को प्रायः कहा जाता है,दले का युग (Gang age),प्रजनन परिपक्वता का काल,पूर्ण निर्भरता का काल,तूफान और तनाव का काल,A,"उत्तर बाल्यावस्था (लगभग 6-12) में साथी समूह अत्यंत प्रभावशाली होता है, इसलिए इसे Gang age कहते हैं—सहयोगी खेल, नियम, विद्यालय। तूफान-तनाव किशोरावस्था है। पूर्ण निर्भरता शैशवावस्था है। प्रजनन परिपक्वता किशोरावस्था की यौन परिपक्वता है। सामाजिक विकास के प्रश्न में यह अंतर बार-बार आता है।",Expected - CG TET | CDP - बाल विकास की अवस्थाएँ - उत्तर बाल्यावस्था
किशोरावस्था की सामान्य आयु सीमा है,6 से 10 वर्ष,जन्म से 3 वर्ष,लगभग 12 से 18 वर्ष,2 से 5 वर्ष,C,"किशोरावस्था यौवनारंभ से वयस्कता के आरंभ तक—भारत में प्रायः 12-18 वर्ष। इसमें द्वितीयक यौन लक्षण, पहचान, साथी प्रभाव व संवेगात्मक परिवर्तन होते हैं। 6-10 उत्तर बाल्यावस्था, 2-5 पूर्व बाल्यावस्था, 0-3 शैशव/शिशु काल है। आयु याद रखना अवस्था-विशेषताओं से जोड़ने के लिए आवश्यक है।",Expected - CG TET | CDP - बाल विकास की अवस्थाएँ - किशोरावस्था आयु
निम्नलिखित में से कौन-सा स्थूल क्रियात्मक (Gross motor) विकास का उदाहरण है?,पेंसिल से छोटे अक्षर लिखना,"दौड़ना, कूदना और सीढ़ियाँ चढ़ना",कैंची से सूक्ष्म आकृति काटना,मोती पिरोना,B,"स्थूल क्रियात्मक कौशल बड़ी मांसपेशियों—टाँग, बाँह, धड़—से होते हैं: चलना, दौड़ना, कूदना। मोती पिरोना, सूक्ष्म लेखन व आकृति काटना सूक्ष्म क्रियात्मक (Fine motor) हैं, अंगुलियों-हाथ के समन्वय से। शारीरिक विकास के प्रश्न में gross/fine का यह भेद मानक है। गलत विकल्प fine motor को gross बताकर भ्रम देते हैं।",Expected - CG TET | CDP - बाल विकास की अवस्थाएँ - स्थूल क्रियात्मक विकास
सूक्ष्म क्रियात्मक (Fine motor) विकास सर्वाधिक संबंधित है,केवल शरीर के वजन से,केवल हृदय की गति से,केवल लंबी हड्डियों की वृद्धि से,हाथ और अंगुलियों के समन्वय से,D,"Fine motor = छोटी मांसपेशियाँ, दृष्टि-हाथ समन्वय—पकड़ना, लिखना, बटन लगाना। लंबी हड्डियाँ/वजन वृद्धि परिमाणात्मक शारीरिक वृद्धि है, कौशल नहीं। हृदय गति शारीरिक क्रिया है, क्रियात्मक कौशल नहीं। CG TET प्राथमिक शिक्षक से अपेक्षा है कि खेल व लेखन दोनों आयामों को पहचाने।",Expected - CG TET | CDP - बाल विकास की अवस्थाएँ - सूक्ष्म क्रियात्मक विकास
शिशु में सामाजिक मुस्कान सामान्यतः प्रकट होती है,लगभग 2-3 माह की आयु में,किशोरावस्था में पहली बार,केवल 5 वर्ष की आयु में,जन्म के ठीक दूसरे दिन अनिवार्य रूप से,A,"सामाजिक मुस्कान सामाजिक-संवेगात्मक विकास का प्रारंभिक चिह्न है—लगभग 6-12 सप्ताह में परिचित चेहरे पर मुस्कान। जन्म के दूसरे दिन की मुस्कान प्रायः प्रतिवर्त/आंतरिक अवस्था होती है, सामाजिक नहीं। 5 वर्ष/किशोरावस्था बहुत देर है; तब तक जटिल सामाजिक कौशल आ चुके होते हैं। यह मील का पत्थर शैशव के सामाजिक विकास में पूछा जाता है।",Expected - CG TET | CDP - बाल विकास की अवस्थाएँ - सामाजिक मुस्कान
अजनबी भय (Stranger anxiety) सामान्यतः किस अवस्था से जुड़ा है?,उत्तर बाल्यावस्था,किशोरावस्था,प्रौढ़ावस्था,शैशवावस्था के उत्तरार्ध (लगभग 6-8 माह),D,"लगभग 6-8 माह में लगाव (attachment) स्पष्ट होता है, अजनबी देखकर शिशु रोता/सिकुड़ता है—यह सामाजिक-संवेगात्मक परिपक्वता का संकेत है, विकृति नहीं। उत्तर बाल्यावस्था में बच्चा नए लोगों से अपेक्षाकृत सहज होता है। किशोरावस्था/प्रौढ़ावस्था में यह सामान्य विकासात्मक मील का पत्थर नहीं। शिक्षक को इसे सुरक्षा-लगाव से जोड़ना चाहिए, दंड से नहीं।",Expected - CG TET | CDP - बाल विकास की अवस्थाएँ - अजनबी भय
समांतर खेल (Parallel play) की विशेषता है,बच्चे नियम बनाकर टीम के रूप में खेलते हैं,"बच्चे एक-दूसरे के पास बैठकर अपने-अपने खेल खेलते हैं, पर सहयोग नहीं करते",किशोर संगठित प्रतियोगिता करते हैं,केवल एक बच्चा चुपचाप अकेला कल्पना करता है और साथी पास नहीं होते,B,"पार्टन के अनुसार पूर्व बाल्यावस्था में समांतर खेल: साथ-साथ, बिना साझा लक्ष्य के। सहयोगी/नियमबद्ध खेल उत्तर बाल्यावस्था में। पूर्ण एकाकी कल्पना solitary play है। किशोर प्रतियोगिता बाद की सामाजिक अवस्था है। सामाजिक विकास में खेल-प्रकार अवस्था पहचानने का साधन है।",Expected - CG TET | CDP - बाल विकास की अवस्थाएँ - समांतर खेल
सहयोगी खेल (Cooperative play) मुख्यतः किस अवस्था में दिखाई देता है?,गर्भावस्था,नवजात काल,उत्तर बाल्यावस्था,केवल प्रौढ़ावस्था,C,"उत्तर बाल्यावस्था में बच्चे भूमिका बाँटते, नियम मानते व समूह-लक्ष्य से खेलते हैं—यह सामाजिक विकास का परिपक्व रूप है। नवजात में खेल संभव नहीं। प्रौढ़ावस्था में खेल हो सकते हैं पर ‘मुख्यतः’ विकासात्मक चिह्न बाल्यावस्था का है। गर्भावस्था में व्यवहारिक खेल नहीं होता। शिक्षक समूह-गतिविधि इसी क्षमता पर आधारित करता है।",Expected - CG TET | CDP - बाल विकास की अवस्थाएँ - सहयोगी खेल
संवेगात्मक विकास से तात्पर्य है,केवल शब्दों का उच्चारण सीखना,केवल मित्रों की संख्या बढ़ाना,"संवेगों को पहचानना, व्यक्त करना और सामाजिक रूप से नियंत्रित करना",केवल ऊँचाई और वजन में वृद्धि,C,"संवेगात्मक आयाम: भय, क्रोध, प्रेम, ईर्ष्या आदि की उत्पत्ति, अभिव्यक्ति व नियंत्रण—ताकि समायोजन हो। ऊँचाई-वजन शारीरिक वृद्धि है। उच्चारण भाषायी/मानसिक पक्ष है। मित्र संख्या सामाजिक अवसर हो सकती है, पर संवेग-नियंत्रण नहीं। CG TET चार आयामों को परिभाषा से अलग पहचानने को कहता है।",Expected - CG TET | CDP - बाल विकास की अवस्थाएँ - संवेगात्मक विकास
"गर्व, लज्जा और ईर्ष्या जैसे संवेग कहलाते हैं","केवल प्रौढ़ों में पाए जाने वाले संवेग, बच्चों में कभी नहीं",शारीरिक वृद्धि के माप,जन्म के समय पूर्ण रूप से उपस्थित प्राथमिक संवेग,"जटिल या द्वितीयक संवेग, जो आत्म-बोध के बाद आते हैं",D,"प्राथमिक संवेग (खुशी, दुःख, क्रोध, भय, घृणा) पहले; जटिल संवेग आत्म-चेतना, तुलना व सामाजिक मानक पर निर्भर करते हैं—लगभग 18 माह के बाद/बाल्यावस्था में। वे जन्म से पूरे नहीं होते। बच्चों में अवश्य आते हैं, केवल प्रौढ़ों तक सीमित नहीं। ये मापनीय वृद्धि नहीं, गुणात्मक संवेगात्मक विकास हैं।",Expected - CG TET | CDP - बाल विकास की अवस्थाएँ - जटिल संवेग
किशोरावस्था में तीव्र शारीरिक वृद्धि का मुख्य कारण है,वृद्धि का पूर्ण रूप से रुक जाना,केवल साथी समूह की नकल,केवल विद्यालय का दबाव,यौवनारंभ के साथ हार्मोनीय परिवर्तन,D,"किशोर वृद्धि-स्पर्ट हार्मोन (GH, सेक्स हार्मोन) से जुड़ा जैविक परिवर्तन है—ऊँचाई, वजन, द्वितीयक यौन लक्षण। विद्यालय दबाव मानसिक-सामाजिक तनाव दे सकता है, हड्डी की लंबाई का कारण नहीं। साथी नकल व्यवहार बदलती है, अंतःस्रावी वृद्धि नहीं। ‘वृद्धि रुक जाना’ इस अवस्था के विपरीत है; यहाँ तो वृद्धि पुनः तीव्र होती है।",Expected - CG TET | CDP - बाल विकास की अवस्थाएँ - किशोर शारीरिक विकास
"विकास के आयाम (शारीरिक, मानसिक, सामाजिक, संवेगात्मक) के विषय में सही है","केवल शारीरिक आयाम वास्तविक है, शेष काल्पनिक हैं",सामाजिक विकास तभी संभव है जब मानसिक विकास शून्य हो,ये पूर्णतः स्वतंत्र हैं और एक-दूसरे को प्रभावित नहीं करते,ये परस्पर संबंधित हैं तथा एक आयाम दूसरे को प्रभावित करता है,D,अंतर्संबंध/एकीकरण सिद्धांत: कुपोषण (शारीरिक) ध्यान व सीखने (मानसिक) को घटाता है; संवेगात्मक असुरक्षा सामाजिक संबंध बिगाड़ती है। आयाम स्वतंत्र नहीं। सभी आयाम वास्तविक हैं। सामाजिक विकास के लिए मानसिक क्षमता शून्य होना विरोधाभास है। समग्र बाल विकास इसीलिए शिक्षा का लक्ष्य है।,Expected - CG TET | CDP - बाल विकास की अवस्थाएँ - आयामों का अंतर्संबंध
"विकास एक क्रमबद्ध प्रक्रिया है, इसका अर्थ है",कौशल उल्टे क्रम में ही सीखे जाते हैं,विकास की कोई दिशा नहीं होती,"परिवर्तन एक निश्चित क्रम में होते हैं, जैसे सिर का नियंत्रण चलने से पहले",सभी बच्चे एक ही दिन एक ही कौशल सीखते हैं,C,"क्रमबद्ध/अनुक्रमिक सिद्धांत: बैठना → खड़ा होना → चलना; शब्द → वाक्य। दिन-तारीख एक समान नहीं—वैयक्तिक भिन्नता रहती है। दिशाहीन विकास सिद्धांत नहीं। उल्टा क्रम सामान्य नहीं। शिक्षक देरी को विकृति तभी माने जब क्रम ही न आए, केवल गति मंद हो तो धैर्य रखे।",Expected - CG TET | CDP - बाल विकास की अवस्थाएँ - क्रमबद्ध विकास
विकास की गति में वैयक्तिक भिन्नता का शैक्षिक निहितार्थ है कि शिक्षक को चाहिए,सभी बच्चों से एक ही गति और एक ही विधि की अपेक्षा करना,केवल तीव्र विकास वाले बच्चों पर ध्यान देना,धीमे बच्चों को कक्षा से पृथक कर देना,प्रत्येक बच्चे को उसकी क्षमता व गति के अनुसार सीखने के विविध अनुभव देना,D,"सिद्धांत: विकास की दर अलग-अलग होती है। CG TET का स्थायी उत्तर—विविध अनुभव, न कि एक समान गति। धीमे बच्चों को अलग करना समावेश के विरुद्ध है। केवल तेज बच्चों पर ध्यान वैयक्तिक भिन्नता की उपेक्षा है। शारीरिक/मानसिक अवस्थाएँ औसत आयु बताती हैं, व्यक्तिगत समय-सारिणी नहीं।",Expected - CG TET | CDP - बाल विकास की अवस्थाएँ - वैयक्तिक भिन्नता
सामाजिक विकास का सर्वाधिक उपयुक्त अर्थ है,"समाज के मूल्यों, भूमिकाओं और संबंधों के अनुसार व्यवहार करना सीखना",केवल IQ अंक बढ़ना,केवल मांसपेशियों का मजबूत होना,केवल भोजन की मात्रा बढ़ना,A,"सामाजिक विकास = समाजीकरण—परिवार, साथी, विद्यालय से मानदंड, सहयोग, सहानुभूति, भूमिका। मांसपेशी शारीरिक, IQ मानसिक, भोजन वृद्धि/पोषण पक्ष है। गलत विकल्प अन्य आयामों को सामाजिक नाम देकर भ्रमित करते हैं।",Expected - CG TET | CDP - बाल विकास की अवस्थाएँ - सामाजिक विकास अर्थ
बालक के सामाजिक विकास की प्रथम एवं सर्वाधिक प्रभावशाली संस्था मानी जाती है,राजनीतिक दल,उद्योग,परिवार,विश्वविद्यालय,C,"परिवार प्रथम समाजीकरण का केंद्र है—भाषा, स्नेह, नियम, लिंग-भूमिकाएँ यहीं से शुरू। राजनीतिक दल/उद्योग वयस्क संस्थाएँ हैं। विश्वविद्यालय बाद की औपचारिक संस्था है। विद्यालय महत्वपूर्ण द्वितीयक संस्था है, पर ‘प्रथम’ परिवार है। यह सामाजिक अवस्था के पर्यावरण पक्ष का मानक प्रश्न है।",Expected - CG TET | CDP - बाल विकास की अवस्थाएँ - परिवार और समाजीकरण
खेल को बाल्यावस्था में आवश्यक माना जाता है क्योंकि,यह केवल शिक्षकों के विश्राम के लिए है,यह केवल समय नष्ट करता है,यह केवल परीक्षा अंक बढ़ाता है,"यह शारीरिक, मानसिक, सामाजिक और संवेगात्मक विकास का स्वाभाविक माध्यम है",D,"खेल से स्थूल-सूक्ष्म क्रिया, कल्पना, नियम-पालन, सहयोग व संवेग-निकास होता है—चारों आयाम। ‘समय नष्ट’ गलत शिक्षाशास्त्र है। अंक बढ़ाना खेल का मुख्य उद्देश्य नहीं। शिक्षक विश्राम के लिए खेल नहीं होता। CG TET बाल-केंद्रित दृष्टि खेल को पाठ्यचर्या का अंग मानती है।",Expected - CG TET | CDP - बाल विकास की अवस्थाएँ - खेल और विकास
बाल्यावस्था को ‘स्वर्णिम काल’ कहने का मुख्य आधार है,"इस अवस्था में सीखने, खेलने और आदतों के निर्माण की क्षमता अत्यंत उच्च होती है",इस अवस्था में बच्चा पूर्णतः स्वतंत्र वयस्क होता है,इस अवस्था में केवल संवेग शून्य रहते हैं,इस अवस्था में विकास पूरी तरह रुक जाता है,A,"स्वर्णिम/खेल काल: जिज्ञासा, स्मृति, भाषा, आदतें व सामाजिक आधार यहीं बनते हैं। विकास रुकता नहीं। बच्चा वयस्क नहीं, मार्गदर्शन चाहता है। संवेग शून्य नहीं, बल्कि स्पष्ट व शिक्षणीय होते हैं। गलत विकल्प अवस्था की सक्रियता को नकारते हैं।",Expected - CG TET | CDP - बाल विकास की अवस्थाएँ - बाल्यावस्था स्वर्णिम काल
मानसिक (संज्ञानात्मक) विकास में मुख्यतः शामिल है,केवल मित्रता की संख्या,केवल हड्डियों की लंबाई,केवल रक्तचाप,"चिंतन, स्मृति, कल्पना, तर्क और समस्या समाधान",D,"मानसिक आयाम सूचना संसाधित करने की क्षमता है। हड्डी/रक्तचाप शारीरिक। मित्रता सामाजिक। 2022 PYQ की तरह सहनशीलता/सामाजिक गुण को मानसिक न गिनें। प्राथमिक कक्षा में भाषा व गणित इसी आयाम पर टिके हैं, पर आयाम स्वयं व्यापक है।",Expected - CG TET | CDP - बाल विकास की अवस्थाएँ - मानसिक विकास
विकास सरल से जटिल की ओर बढ़ता है। सही उदाहरण है,"पहले निबंध, फिर बड़बड़ाहट","पहले दौड़ना, फिर गर्दन नियंत्रण","पहले ध्वनियाँ, फिर शब्द, फिर वाक्य","पहले अमूर्त सिद्धांत, फिर इंद्रिय अनुभव",C,सरल→जटिल: बड़बड़ाहट→शब्द→वाक्य; सामान्य गति→कौशल। निबंध पहले असंभव। अमूर्त बाद में आता है। दौड़ना गर्दन के बाद आता है। भाषा व क्रिया दोनों में यही क्रम मानसिक-शारीरिक विकास दर्शाता है।,Expected - CG TET | CDP - बाल विकास की अवस्थाएँ - सरल से जटिल
नवजात काल (Neonatal period) सामान्यतः माना जाता है,केवल किशोरावस्था का प्रथम सप्ताह,जन्म के बाद प्रथम 4 सप्ताह,गर्भाधान से तीसरा महीना मात्र,जन्म के बाद प्रथम 5 वर्ष,B,"Neonatal = जन्म के बाद लगभग 0-28 दिन—जीवन-रक्षा, प्रतिवर्त, माँ से लगाव का आरंभ। 5 वर्ष पूर्व बाल्यावस्था तक फैलता है। गर्भाधान-तीसरा महीना जन्मपूर्व है। किशोरावस्था इससे असंबंधित है। अवस्थाओं की सूक्ष्म सीमाएँ Paper-1 में आती हैं।",Expected - CG TET | CDP - बाल विकास की अवस्थाएँ - नवजात काल
किशोरावस्था को ‘तूफान और तनाव का काल’ कहने वाले मनोवैज्ञानिक हैं,इवान पावलॉव,जी. स्टैनली हॉल,बी. एफ. स्किनर,ई. एल. थॉर्नडाइक,B,"Storm and Stress = G. Stanley Hall, किशोर अवस्था का शास्त्रीय वर्णन। स्किनर/पावलॉव/थॉर्नडाइक अधिगम सिद्धांतकार हैं (विषय 3), अवस्था-नामकरण नहीं। CG TET नाम+अवस्था जोड़कर पूछता है; सिद्धांतकारों को आयाम से न मिलाएँ।",Expected - CG TET | CDP - बाल विकास की अवस्थाएँ - स्टैनली हॉल
विकास के एकीकरण सिद्धांत का अर्थ है,विभिन्न अंगों और मानसिक क्रियाओं में समन्वय बढ़ता है,विकास केवल एक अंग तक सीमित रहता है,बच्चा एक समय में केवल एक इंद्रिय का उपयोग कर सकता है,सामाजिक विकास शारीरिक विकास को रोक देता है,A,"एकीकरण: आँख-हाथ, सोच-भाषा, भाव-व्यवहार समन्वित होते हैं—पूरी व्यक्तित्व इकाई। एक अंग तक सीमित विकास नहीं। इंद्रियाँ साथ काम करती हैं। सामाजिक आयाम शारीरिक को रोकता नहीं, बल्कि संबंधित होता है। 2022 में निरंतरता से अलग यह सिद्धांत पूछा गया था।",Expected - CG TET | CDP - बाल विकास की अवस्थाएँ - एकीकरण सिद्धांत
किशोरावस्था के सामाजिक-संवेगात्मक विकास की प्रमुख विशेषता है,पहचान की खोज तथा साथी समूह का बढ़ता प्रभाव,माँ पर पूर्ण शारीरिक निर्भरता,यौन लक्षणों का पूर्ण अभाव,समांतर खेल की प्रधानता,A,"किशोर ‘मैं कौन हूँ’ पूछता है, मित्र समूह परिवार जितना प्रभावशाली हो जाता है, संवेग तीव्र होते हैं। पूर्ण शारीरिक निर्भरता शैशव है। समांतर खेल पूर्व बाल्यावस्था। यौन लक्षणों का अभाव किशोरावस्था के विपरीत है। चार आयाम इस अवस्था में एक साथ तीव्र दिखते हैं।",Expected - CG TET | CDP - बाल विकास की अवस्थाएँ - किशोर सामाजिक-संवेगात्मक
संवेगात्मक परिपक्वता का अर्थ है,हर समय क्रोध प्रकट करना,केवल दूसरों के संवेग दबाना,परिस्थिति के अनुकूल संवेगों पर नियंत्रण और संतुलित अभिव्यक्ति,संवेगों का पूर्ण अभाव,C,"परिपक्व संवेग = उचित तीव्रता, समय व सामाजिक स्वीकृति के साथ भाव व्यक्त करना। संवेगहीनता परिपक्वता नहीं। सतत क्रोध अपरिपक्वता है। दूसरों को दबाना स्वस्थ नियंत्रण नहीं। किशोरावस्था में यह लक्ष्य अधूरा रहता है, इसलिए मार्गदर्शन चाहिए।",Expected - CG TET | CDP - बाल विकास की अवस्थाएँ - संवेगात्मक परिपक्वता
प्राथमिक कक्षा के बच्चे मुख्यतः किस विकासात्मक अवस्था में होते हैं?,उत्तर बाल्यावस्था,केवल किशोरावस्था,केवल प्रौढ़ावस्था,नवजात काल,A,"कक्षा 1-5 सामान्यतः 6-11/12 वर्ष—उत्तर बाल्यावस्था: ठोस सोच का आरंभ, साथी समूह, नियम, स्थूल-से-सूक्ष्म कौशल। नवजात शिशु विद्यालय नहीं जाते। किशोरावस्था उच्च प्राथमिक/माध्यमिक के निकट। प्रौढ़ावस्था शिक्षक की अवस्था है, विद्यार्थी की नहीं। Paper-1 का लक्ष्य समूह यही है।",Expected - CG TET | CDP - बाल विकास की अवस्थाएँ - प्राथमिक कक्षा अवस्था
